[
  {
    "name": "cipaa nak meletup :b",
    "command": "tiktok",
    "query": "https://vt.tiktok.com/ZSYV5Heav/",
    "time": "19:59:35",
    "number": "6283174506428",
    "group": "GRUB TRY HARD MLBB"
  },
  {
    "name": "Angga!",
    "command": "afk",
    "query": "mau turu",
    "time": "20:06:47",
    "number": "6282199838560",
    "group": "SWC B AJA"
  },
  {
    "name": "cipaa nak meletup :b",
    "command": "tiktok",
    "query": "tiktok https://vt.tiktok.com/ZSYV5Heav/",
    "time": "20:09:21",
    "number": "6283174506428",
    "group": "GRUB TRY HARD MLBB"
  },
  {
    "name": "kepol",
    "command": "tebakgambar",
    "query": "",
    "time": "20:14:00",
    "number": "6288226370453",
    "group": "𝙎𝙀𝙆𝙏𝙀 𝙅𝙒𝙃𝘾 𝙑.1"
  },
  {
    "name": "Al",
    "command": "hgamb",
    "query": "",
    "time": "20:15:44",
    "number": "6285768495790",
    "group": "𝙎𝙀𝙆𝙏𝙀 𝙅𝙒𝙃𝘾 𝙑.1"
  },
  {
    "name": "arialagitinggi",
    "command": "tt",
    "query": "https://vt.tiktok.com/ZSYVQ6qju/",
    "time": "20:15:57",
    "number": "628980987500",
    "group": "KACHEN MLBB"
  },
  {
    "name": "arialagitinggi",
    "command": "tomp3",
    "query": "",
    "time": "20:16:15",
    "number": "628980987500",
    "group": "KACHEN MLBB"
  },
  {
    "name": "nonz",
    "command": "hidetag",
    "query": "warr goblog",
    "time": "20:16:58",
    "number": "6283101865091",
    "group": "STOICISM"
  },
  {
    "name": "Al",
    "command": "tebakgambar",
    "query": "",
    "time": "20:17:23",
    "number": "6285768495790",
    "group": "𝙎𝙀𝙆𝙏𝙀 𝙅𝙒𝙃𝘾 𝙑.1"
  },
  {
    "name": "Al",
    "command": "hgamb",
    "query": "",
    "time": "20:17:38",
    "number": "6285768495790",
    "group": "𝙎𝙀𝙆𝙏𝙀 𝙅𝙒𝙃𝘾 𝙑.1"
  }
]